<annotation><filename>001792.jpg</filename><size><width>535</width><height>300</height><depth>3</depth></size><object><name>person</name><bndbox><xmin>88</xmin><ymin>108</ymin><xmax>220</xmax><ymax>300</ymax></bndbox></object><object><name>person</name><bndbox><xmin>190</xmin><ymin>85</ymin><xmax>254</xmax><ymax>136</ymax></bndbox></object><object><name>person</name><bndbox><xmin>265</xmin><ymin>71</ymin><xmax>314</xmax><ymax>146</ymax></bndbox></object><object><name>person</name><bndbox><xmin>368</xmin><ymin>106</ymin><xmax>504</xmax><ymax>300</ymax></bndbox></object><object><name>person</name><bndbox><xmin>255</xmin><ymin>109</ymin><xmax>393</xmax><ymax>292</ymax></bndbox></object><object><name>person</name><bndbox><xmin>358</xmin><ymin>100</ymin><xmax>415</xmax><ymax>161</ymax></bndbox></object><object><name>person</name><bndbox><xmin>27</xmin><ymin>91</ymin><xmax>119</xmax><ymax>300</ymax></bndbox></object><object><name>person</name><bndbox><xmin>163</xmin><ymin>86</ymin><xmax>202</xmax><ymax>127</ymax></bndbox></object><object><name>person</name><bndbox><xmin>1</xmin><ymin>74</ymin><xmax>40</xmax><ymax>142</ymax></bndbox></object><object><name>person</name><bndbox><xmin>0</xmin><ymin>92</ymin><xmax>57</xmax><ymax>254</ymax></bndbox></object><object><name>person</name><bndbox><xmin>314</xmin><ymin>91</ymin><xmax>359</xmax><ymax>152</ymax></bndbox></object><object><name>person</name><bndbox><xmin>490</xmin><ymin>94</ymin><xmax>535</xmax><ymax>178</ymax></bndbox></object><object><name>person</name><bndbox><xmin>108</xmin><ymin>91</ymin><xmax>126</xmax><ymax>115</ymax></bndbox></object><object><name>person</name><bndbox><xmin>49</xmin><ymin>70</ymin><xmax>100</xmax><ymax>120</ymax></bndbox></object></annotation>